# Docs: https://git-scm.com/docs/gitmailmap
# git log --pretty="%aN <%aE>" | sort -u | less
# 631 as of 2023-09-18
# 498 as of 2023-11-02
# 428 as of 2023-11-04
Ahmed Hamid Awan <aawan@mindgrub.com> # GH user: ahmedhamidawan
Ahmed Hamid Awan <aawan@mindgrub.com> Ahmed Awan <newadmin@galaxyc.local>
Ahmed Hamid Awan <aawan@mindgrub.com> Ahmed Awan <newadmin@galaxyc.win.ad.jhu.edu>
Ahmed Hamid Awan <aawan@mindgrub.com> Ahmed Awan <qe66653@umbc.edu>
Ahmed Hamid Awan <aawan@mindgrub.com> <78516064+ahmedhamidawan@users.noreply.github.com>
Ahmed Hamid Awan <aawan@mindgrub.com> <qe66653@umbc.edu>
Abdulrahman Azab <eng.azab@gmail.com> # GH user: abdulrahmanazab, one-line contribution, rewritten by John Chilton
Adam Brenner <aebrenne@uci.edu> # GH user: abrenner, only commits to tools moved to tool shed (no longer in galaxy)
A. Soroka <ajs6f@apache.org> # GH user: ajs6f
Alan Amossé <alan.amosse@gmail.com> # GH user: Alanamosse
Alan Amossé <alan.amosse@gmail.com> <alanamosse@60-E3-27-12-8C-3F.home>
Alexander Lenail <lenail@mit.edu> <alexander.lenail@tufts.edu> # GH user: alexlenail
Alex Ostrovsky <a.ostrovsky@mac.com> # GH user: astrovsky01
Alex Ostrovsky <a.ostrovsky@mac.com> Alexander OSTROVSKY <alexanderostrovsky@Alexanders-MacBook-Pro.local>
Alex Ostrovsky <a.ostrovsky@mac.com> Alexander OSTROVSKY <alexanderostrovsky@Caroline.local>
Alex Ostrovsky <a.ostrovsky@mac.com> Alexander OSTROVSKY <alexanderostrovsky@Chell.local>
Alex Ostrovsky <a.ostrovsky@mac.com> Alexander OSTROVSKY <alexanderostrovsky@infra04-wg396.visitor.eduroam.wireless.umn.edu>
Alex Ostrovsky <a.ostrovsky@mac.com> Alexander OSTROVSKY <alexanderostrovsky@p-body.win.ad.jhu.edu>
Alex Ostrovsky <a.ostrovsky@mac.com> <40246333+astrovsky01@users.noreply.github.com>
Alex Ostrovsky <a.ostrovsky@mac.com> <root@sn04.bi.uni-freiburg.de>
Alexandru Mahmoud <mahmoudalexandru@gmail.com> # GH user: almahmoud
Alexandru Mahmoud <mahmoudalexandru@gmail.com> <amahmou4@jhu.edu> 
Alexandru Mahmoud <mahmoudalexandru@gmail.com> <almahmoud@jhu.edu>
Alireza Heidari <itisalirh@gmail.com> # GH user: itisAliRH
Ott Oopkaup <ott.oopkaup@gmail.com> # GH user: ooobik
Anastasia Tyryshkina <atyryshkina@gmail.com> # GH user: atyryshkina
Andrea Bagnacani <andrea.bagnacani@gmail.com> # GH user: bagnacan
<andrea.bagnacani@gmail.com> <andrea.bagnacani@uni-rostock.de>
Andrea Sbardellati <andrea.sbardellati@crs4.it>
Andreas Skorczyk <me@andreas-sk.de> # GH user: AndreasSko
Andrew Robinson <Andrew.Robinson@latrobe.edu.au> Andrew Robinson <none@none> # GH user: andrewjrobinson
Andrew Warren <anwarren@vbi.vt.edu> # GH user: aswarren
Andrey Tovchigrechko <tovchigrechkoa@medimmune.com> # GH user: andreyto
Anil Thanki <thanki.anil@gmail.com> # GH user: anilthanki
Anne Fouilloux <annefou@geo.uio.no> <annefou@uio.no> # GH user: annefou
Ann Loraine <aloraine@uncc.edu>  # GH user: aloraine 
Anthony Bretaudeau <anthony.bretaudeau@inria.fr> # GH user: abretaud
Anthony Bretaudeau <anthony.bretaudeau@inria.fr> <abretaud@irisa.fr>
Anthony Bretaudeau <anthony.bretaudeau@inria.fr> <anthony.bretaudeau@rennes.inra.fr>
<anthony.bretaudeau@inria.fr> <anthony.bretaudeau@irisa.fr>
Anton Nekrutenko <anton@nekrut.org>  # GH user: nekrut
Anton Nekrutenko <anton@nekrut.org> <anekrut@gmail.com>
<anton@nekrut.org> <anton@bx.psu.edu>
<anton@nekrut.org> <anton@Antons-MacBook-Air.local>
Anup Kumar <anup.rulez@gmail.com>  # GH user: anuprulez
Anup Kumar <anup.rulez@gmail.com> <kumara@informatik.uni-freiburg.de>
Arjun Nath <arjun@bx.psu.edu>  # no GH user, last contribution in 2007
Ashok Varadharajan <ashvark@gmail.com>  # GH user: ashvark
Ashok Varadharajan <ashvark@gmail.com> <ashok@localhost.localdomain>
Ashok Varadharajan <ashvark@gmail.com> <ashvark@users.noreply.github.com>
Assunta DeSanto <assuntad23@gmail.com>  # GH user: assuntad23
Assunta DeSanto <assuntad23@gmail.com> <adesanto@lhup.edu>
Assunta DeSanto <assuntad23@gmail.com> <assuntad@localhost.localdomain>
Athos Ribeiro <athoscr@fedoraproject.org>  # GH user: athos-ribeiro
Aurélien Bernard <aurelien.bernard.bioinfo63@gmail.com>  # GH user: arbernard
Aysam Guerler <aysam.guerler@gmail.com>  # GH user: guerler

BalthazarPavot <balthazar.pavot@hotmail.fr>  # GH user: BalthazarPavot (account deleted)
balto <balto_59@hotmail.fr>  # same as BalthazarPavot (only commits from both are in the same PR) ? GH user appears to be "the-nidhogg"
Beatriz Serrano-Solano <beatrizserrano@users.noreply.github.com>  # GH user: beatrizserrano
Ben Fulton <benmarkfulton@gmail.com>  # GH user: benfulton
Ben Fulton <benmarkfulton@gmail.com> <befulton@iu.edu>
Benjamin Carr <BenjaminHCCarr@users.noreply.github.com>  # GH user: BenjaminHCCarr
Benno Weiss <benno.weiss@gmail.com>  # GH user: Paprikant
bensellak <bensellak@ensat.ac.ma>  # GH user: bensellak
Bérénice Batut <bebatut@gmail.com>  # GH user: bebatut
<bebatut@gmail.com> <berenice.batut@gmail.com>
Bert Droesbeke <bedro@psb.ugent.be>  # GH user: bedroesb
Bert Droesbeke <bedro@psb.ugent.be> <44875756+bedroesb@users.noreply.github.com>
Bioinformatics Platform (Belgian Institute of Public Health) <bioit@sciensano.be> <bioit@scien                                                                                                                      sano.be> # GH user: BioinformaticsPlatformWIV-ISP
Björn Grüning <bjoern@gruenings.eu>  # GH user: bgruening
Björn Grüning <bjoern@gruenings.eu> <bjoern.gruening@gmail.com>
Björn Grüning <bjoern@gruenings.eu> Bjoern Gruening <devnull@localhost>
Björn Grüning <bjoern@gruenings.eu> BjoernGruening <devnull@localhost>
Brad Chapman <chapmanb@50mail.com>  # GH user: chapmanb
Brad Holmes <holmesbr@ncbi.nlm.nih.gov>  # GH user: BradHolmes
Brad Langhorst <brad@langhorst.com> <langhorst@neb.com>  # GH user: bwlang
Brian Wheeler <bdwheele@iu.edu>  # GH user: bdwheele
Bryan Raubenolt <braubeno@uno.edu> <bryanraubenolt@Bryans-MBP.home>  # GH user: thepineapplepirate

Caleb Easterly <caleb.easterly@gmail.com>  # GH user: caleb-easterly
Caleb Easterly <caleb.easterly@gmail.com> <easte080@umn.edu>
Cameron Hyde <chyde@neoformit.com>  # GH user: neoformit
Cameron Hyde <chyde@neoformit.com> <42562517+neoformit@users.noreply.github.com>
Cameron Hyde <chyde@neoformit.com> <c.hyde@qcif.edu.au>
Carl Eberhard <carlfeberhard@gmail.com>  # GH user: carlfeberhard
Carl Eberhard <carlfeberhard@gmail.com> <carlfeberhard@users.noreply.github.com>
Carlos Borroto <carlos.borroto@gmail.com>  # GH user: CarlosBorroto
Carlos Garcia <carlos.andrew.garcia@gmail.com>  # GH user: cginmn
Carrie Ganote <cganote@iu.edu>  # GH user: cganote
Catherine Bromhead <cathjb@gmail.com>  # GH user: cat-bro
Catherine Bromhead <cathjb@gmail.com> <catherine.bromhead@unimelb.edu.au>
Cedric Mendoza <cedricmendoza@gmail.com>  # GH user: ccedmendoza
Cedric Mendoza <cedricmendoza@gmail.com> <ccedmendoza@users.noreply.github.com>
Charles Hsu <charles0126@gmail.com>  # GH user: charz
Charles Strittmatter <cstrittmatter@gmail.com>  # GH user: charesredhat
Chinmay Rao <chinmay@bx.psu.edu>  # No GH user, last contribution in 2007
Chris Armstrong <carmstrong1gw@github.com>  # GH user: carmstrong1gw
Chris Barnett <chris.barnett@uct.ac.za>  # GH user: chrisbarnettster
Christian Y. Brenninkmeijer <christian.brenninkmeijer@manchester.ac.uk>  # GH user: Christian-B
Christian Y. Brenninkmeijer <christian.brenninkmeijer@manchester.ac.uk> <github@brenn.co.uk>
Christopher Bare <christopherbare@gmail.com>  # GH user: cbare
Christopher Mundus <crashGoBoom@users.noreply.github.com>  # GH user: crashGoBoom
Clare Sloggett <sloc@unimelb.edu.au>  # GH user: claresloggett
claudiofr <claudiofr@yahoo.com>  # GH user: claudiofr
Clayton Turner <clayclay911@gmail.com>  # GH user: ClaytonTurner
Clemens Blank <blankclemens@gmail.com>  # GH user: blankclemens
Cristian <cche@users.noreply.github.com>  # GH user: cche
Cristian <cche@users.noreply.github.com> <>
Cristóbal Gallardo <gallardoalbac@gmail.com>  # GH user: gallardoalba
Cristóbal Gallardo <gallardoalbac@gmail.com> <gallardo@informatik.uni-freiburg.de>
Cyril Monjeaud <cyril.monjeaud@gmail.com>  # GH user: cmonjeau
Cyril Monjeaud <cyril.monjeaud@gmail.com> <Cyril.Monjeaud@irisa.fr>

Damian Glaetzer <d.glaetzer@mailbox.org>  # GH user: dglaetzer
Damian Glaetzer <d.glaetzer@mailbox.org> <dg@localhost.localdomain>
Damian Glaetzer <d.glaetzer@mailbox.org> <35349535+dglaetzer@users.noreply.github.com>
Dan Blanchard <dan.blanchard@gmail.com>  # GH user: dan-blanchard
Dan Fornika <dfornika@gmail.com>  # GH user: dfornika
Daniel Blankenberg <dan.blankenberg@gmail.com>  #GH user: blankenberg
Daniel Blankenberg <dan.blankenberg@gmail.com> <blankenberg@users.noreply.github.com>
Daniel Blankenberg <dan.blankenberg@gmail.com> <dan@bx.psu.edu>
Daniel Bouchard <danieljosephbouchard@gmail.com> # GH user: Airistotal
Daniel Bouchard <danieljosephbouchard@gmail.com> <daniel.bouchard@phac-aspc.gc.ca>
Daniel Bouchard <danieljosephbouchard@gmail.com> <danieltos.bouchard@gmail.com>
Daniel Bouchard <danieljosephbouchard@gmail.com> <dbouchard@corefacility.ca>
Dannon Baker <dannon.baker@gmail.com>  # GH user: dannon
Darren Cullerne <quack.sawbones@gmail.com>  # GH user: quacksawbones
Dave Bouvier <dave@bx.psu.edu>  # GH user: davebx
Dave Clements <clements@galaxyproject.org>  # GH user: tnabtaf
Dave Trudgian <dave@trudgian.net>  # GH user: dtrudg
Dave Trudgian <dave@trudgian.net> <david.trudgian@utsouthwestern.edu>
Dave Trudgian <dave@trudgian.net> <biohpc-help@utsouthwestern.edu>
David C. King <dcking@bx.psu.edu>  # GH user: ??
David Johnson <djcomlab@gmail.com>  # GH user: djcomlab
David López <46503462+davelopez@users.noreply.github.com>  # GH user: davelopez
David Norris <Hillrunner2008@gmail.com>  # GH user: Hillrunner2008
David Norris <Hillrunner2008@gmail.com> <dcnorris@uncc.edu>
Delphine Lariviere <lariviere.delphine@gmail.com>  # GH user: Delphine-L
Devon Ryan <dpryan79@gmail.com>  # GH user: dpryan79
dorine francheteau <dorine@bx.psu.edu>  # GH user: ??

Eli Chadwick  <eli.chadwick.256@gmail.com>  # GH user: elichad
Enis Afgan <afgane@gmail.com>  # GH user: afgane
Eric Enns <eric.enns@gmail.com>  # GH user: ericenns
Eric Enns <eric.enns@gmail.com> <eric.enns@phac-aspc.gc.ca>
Eric Paniagua <paniagua.cshl@gmail.com>  # GH user: ??
Estelle Ancelet <estelle.ancelet@inra.fr>  # GH user: eancelet
Estelle Ancelet <estelle.ancelet@inra.fr> <34435064+eancelet@users.noreply.github.com>
Eteri Sokhoyan <esokhoyan@gmail.com>  # GH user: eteriSokhoyan
Eteri Sokhoyan <esokhoyan@gmail.com> <eteri@eteri-HP-ENVY-Sleekbook-4-PC.(none)>
Evan Bolyen <ebolyen@gmail.com>  # GH user: ebolyen
Evgeny Anatskiy <evgeny.anatskiy@gmail.com> # GH user: anatskiy

Fabien Mareuil <fmareuil@pasteur.fr>  # GH user: fmareuil
Fabio Cumbo <fabio.cumbo@gmail.com>  # GH user: cumbof
fescudie <fescudie@toulouse.inra.fr>  # GH user: fescudie
Finn Bacall <finn.bacall@manchester.ac.uk>  # GH user: fbacall
Finn Bacall <finn.bacall@manchester.ac.uk> <finn.bacall@cs.man.ac.uk>
Florent Angly <florent.angly@gmail.com>  # GH user: fangly
francoismg <francois.moriergenoud@gmail.com>  # GH user: francoismg
francoismg <francois.moriergenoud@gmail.com> <46478217+francoismg@users.noreply.github.com>
Frederic Sapet <frederic.sapet@limagrain.com>  # GH user: FredericBGA
Frederic Sapet <frederic.sapet@limagrain.com> <frederic.sapet@biogemma.com>
Frederik Coppens <frederik.coppens@psb.vib-ugent.be>  # GH user: frederikcoppens
Frederik Delaere <frederik.delaere@gmail.com  # GH user: fretn
Freek de Bruijn <freek.de.bruijn@nbic.nl>  # GH user: FreekDB

Galaxy <galaxy-dev@plantandfood.co.nz>  # GH user: ???
Gert Hulselmans <gert.hulselmans@med.kuleuven.be>  # GH user: ghuls
Gianmauro Cuccuru <gmauro@gmail.com>  # GH user: gmauro
Gianmauro Cuccuru <gmauro@gmail.com> <4559911+gmauro@users.noreply.github.com>
Gianmauro Cuccuru <gmauro@gmail.com> <gmauro@crs4.it>
Gildas Le Corguillé <gildas.le.corguille@gmail.com>  # GH user: lecorguille
Gildas Le Corguillé <gildas.le.corguille@gmail.com> <lecorguille@users.noreply.github.com>
Gildas Le Corguillé <gildas.le.corguille@gmail.com> <lecorguille@MacBook.local>
Greg Von Kuster <ghv2@psu.edu>  # GH user: gregvonkuster
Greg Von Kuster <ghv2@psu.edu> <greg@bx.psu.edu>
Greg Watson <g.watson@computer.org>  # GH user: jarrah42
Gulsum Gudukbay Akbulut <gudukbay@gmail.com>  # GH user: gulsumgudukbay
Guruprasad Anada <gua110@bx.psu.edu>  # GH user: ??

Hadley King <hadley_king@gwu.edu>  # GH user: HadleyKing
Hadley King <hadley_king@gwu.edu> <HadleyKing@users.noreply.github.com>
Hanfei Sun <ad9075@gmail.com>  # GH user: hanfeisun
Hans-Rudolf Hotz <hrhotz@users.noreply.github.com>  # GH user: hrhotz
Helena Rasche <helena.rasche@gmail.com>  # GH user: hexylena
Helena Rasche <helena.rasche@gmail.com> <hexylena@galaxians.org>
Helena Rasche <helena.rasche@gmail.com> <hxr@hx42.org>
Henk van den Toorn <vdtoorn@hotmail.com>  # GH user: vdtoorn
Hervé Ménager <herve.menager@gmail.com>  # GH user: hmenager
Hervé Ménager <herve.menager@gmail.com> <herve.menager@pasteur.fr>
Hervé Ménager <herve.menager@gmail.com> <hmenager@pasteur.fr>
Hiral Vora <hvora1@uncc.edu>  # GH user: ??
Hunter Moseley <hunter.moseley@louisville.edu>  # GH user: ??

Ian Schenck <ian@bx.psu.edu>  # GH user: ??
Ignacio Eguinoa <ignacio.eguinoa@gmail.com>  # GH user: ieguinoa
Ignacio Eguinoa <ignacio.eguinoa@gmail.com> <igegu@psb.ugent.be>
Ilya Chorny <none@none> # GH user: ??
Ilya Sytchev <hackdna@gmail.com>  # GH user: hackdna
Ira Cooke <iracooke@gmail.com>  # GH user: iracooke
Islam Heggy <islam.heggy@gmail.com>  # GH user: IslamHeggy
Ivan Kuzmin <inkuzm@gmail.com>  # GH user: inkuzmin
Ivan Kuzmin <inkuzm@gmail.com> <inkuzmin@ya.ru>
Iyad Kandalaft <ik@iyadk.com>  # GH user: IyadKandalaft

Jayadev Joshi  <jaidev53ster@gmail.com>  # GH user: jaidevjoshi83
Jaime Frey <jfrey@cs.wisc.edu>  # GH user: JaimeFrey
James Boocock <sfk2001@gmail.com>  # GH user: theboocock
James Johnson <jj@umn.edu>  # GH user: jj-umn
James Johnson <jj@umn.edu> <jj@msi.umn.edu>
James Taylor <james@jamestaylor.org  # GH user: jxtx (deceased, RIP buddy)
janani <guru.jan@gmail.com>  # GH user: janani-prasad
jancrichter <40425803+jancrichter@users.noreply.github.com>  # GH user: jancrichter
Jan Kanis <jan.code@jankanis.nl>  # GH user: JanKanis
Jasper Koehorst <jasperkoehorst@gmail.com>  # GH user: jjkoehorst
Jean-Frédéric <jean-frederic.berthelot@lifl.fr>  # GH user: JeanFred
Jean-Frédéric <jean-frederic.berthelot@lifl.fr> <JeanFred@github>
Jeffrey Thiessen <jeffreylthiessen@gmail.com>  # GH user: JeffreyThiessen
Jeffrey Thiessen <jeffreylthiessen@gmail.com> <jeffthiessen@corefacility.ca>
Jelle Scholtalbers <j.scholtalbers@gmail.com>  # GH user: scholtalbers
Jennifer Cabral <jencabral@gmail.com>  # GH user: JenCabral
Jennifer Hillman-Jackson <jen@bx.psu.edu>  # GH user: jennaj
Jennifer Hillman-Jackson <jen@bx.psu.edu> <jennaj@users.noreply.github.com>
Jens Preußner <Jens.Preussner@mpi-bn.mpg.de> # GH user: jenzopr
Jens Preußner <Jens.Preussner@mpi-bn.mpg.de> <jenzopr@users.noreply.github.com>
Jeremy Goecks <jgoecks@users.noreply.github.com>  # GH user: jgoecks
Jeremy Goecks <jgoecks@users.noreply.github.com> <jeremy.goecks@emory.edu>
Jeremy Goecks <jgoecks@users.noreply.github.com> <jgoecks@gwu.edu>
Jerome Raciazek <jra001k@gmail.com>  # GH user: jra001k, but that account has been deleted
Jesse c j van Dam <jesse.vandam@wur.nl>  # GH user: jessevdam
jhl667 <jhl667@yahoo.com>  # GH user: jhl667
Jianbin He <jbhe@bx.psu.edu>  # GH user: ??
Jian-Long Huang <huang@jianlong.org>  # GH user: jlhg
Jian-Long Huang <huang@jianlong.org> <jlh@pyhub.org>
Joachim Jacob <joachim.jacob@gmail.com>  # GH user: joachimjacob
Joachim Wolff <wolffj@informatik.uni-freiburg.de>  # GH user: joachimwolff
Johannes Köster <johannes.koester@uni-due.de>  # GH user: johanneskoester
John Bradley <johnbradley2008@gmail.com>  # GH user: johnbradley
John Chilton <jmchilton@gmail.com>  # GH user: jmchilton
John Chilton <jmchilton@gmail.com> <jxc755@E1-054863.local>
John Davis <jdavcs@gmail.com>  # GH user: jdavcs
John Davis <jdavcs@gmail.com> <sgolitsynskiy@gmail.com>
John Duddy <jduddy@illumina.com>  # GH user: ??
Jonathan Laperle <jonathan.laperle@usherbrooke.ca>  # GH user: laperlej
Jorrit Boekel <jorrit.boekel@scilifelab.se>  # GH user: glormph
José Manuel Domínguez <dominguj@informatik.uni-freiburg.de>  # GH user: kysrpex
José Manuel Domínguez <dominguj@informatik.uni-freiburg.de> <43052541+kysrpex@users.noreply.github.com>
(JR) Ray Sajulga <jraysajulga@gmail.com>  # GH user: jraysajulga
Juan David Mendez Solano <juan.mendez@imtek.uni-freiburg.de>  # GH user: Realjuan
Juan David Mendez Solano <juan.mendez@imtek.uni-freiburg.de> <mendezj@tf.uni-freiburg.de>
Juleen Graham <juleengrah@gmail.com>  # GH user: juleengraham
Juleen Graham <juleengrah@gmail.com> <jgraham@Juleens-MacBook-Pro.local>
Julien Seiler <seilerj@igbmc.fr>  # GH user: julozi
Julien Van Braekel <juvanbraekel@bioit-galaxy-test.sciensano.be>  # GH user: jvanbraekel
Julien Van Braekel <juvanbraekel@bioit-galaxy-test.sciensano.be> <29703119+jvanbraekel@users.noreply.github.com>
Junzhou Wang <junzhouwang@gmail.com>  # GH user: junzwang
Jeremy Volkening <jdv@base2bio.com>  # GH user: jvolkening

Kai Kruse <krusekai@gmail.com>  # GH user: kaukrise
Kaivan Kamali <kxk302@psu.edu>  # GH user: kxk302
Kaivan Kamali <kxk302@psu.edu> <kxk302@gmail.com>
kaktus42 <vowinkel.alexander@gmail.com>  # GH user: kaktus42
Kanwei Li <kanwei@gmail.com>  # GH user: kanwei
Katarzyna Kamieniecka <k.murat1@bradford.ac.uk>  # GH user: kpbioteam
Katarzyna Kamieniecka <k.murat1@bradford.ac.uk> <ubuntu@ip-172-31-23-81.ec2.internal>
Katrin Leinweber <kalei@posteo.de>  # GH user: katrinleinweber
Katrin Leinweber <kalei@posteo.de> <9948149+katrinleinweber@users.noreply.github.com>
Keith Suderman <suderman@jhu.edu>
Keizo Uehara <keizou.bos@gmail.com>  # GH user: KeizoUehara
Keizo Uehara <keizou.bos@gmail.com> <Uehara.Keizo@mss.co.jp>
Kelly Vincent <kpvincent@gmail.com> <kpvincent@bx.psu.edu>  # GH user: kellyv
Kelly Vincent <kpvincent@gmail.com> <kpvincent@bx.psu.edu>
Kenzo-Hugo Hillion <hillion.kenzo@gmail.com>  # GH user: khillion
Kenzo-Hugo Hillion <hillion.kenzo@gmail.com> <kenzo-hugo.hillion1@pasteur.fr>
khaled196 <khalled.jooma@yahoo.com>  # GH user: khaled196
Kidane M. Tekle <kidane.tekle@gmail.com>  # GH user: kidanem
Kiran Telukunta saraswathi <kiran.telukunta@indiayouth.info>  # GH user: telukir
Kjetil Klepper <kjetil.klepper@ntnu.no>  # GH user: kjetilkl
Knut Waagan <knutwa@usit.uio.no>  # GH user: knutwa-ext
Knut Waagan <knutwa@usit.uio.no> <74406250+knutwa-ext@users.noreply.github.com>
Kyle Ellrott <kellrott@gmail.com>  # GH user: kellrott
Kyle Ellrott <kellrott@gmail.com> <kellrott@soe.ucsc.edu>

Laila Los <44241786+ElectronicBlueberry@users.noreply.github.com>  # GH user: ElectronicBlueberry
Lain Pavot <lain.pavot@inrae.fr>  # GH user: Lain-inrae
Lance Parsons <lance@lanceparsons.com> # GH user: lparsons
Lance Parsons <lance@lanceparsons.com> <lparsons@genomics.princeton.edu>
Lance Parsons <lance@lanceparsons.com> <lparsons@yahoo.com>
Lawrence Nicastro <lawrence.nicastro1@gmail.com>  # GH user: lawrence1470
Léo Biscassi <leo.biscassi@gmail.com>  # GH user: leobiscassi
Linelle Abueg <labueg@rockefeller.edu>  # GH user: abueg
Linelle Abueg <labueg@rockefeller.edu> <48773001+abueg@users.noreply.github.com>
linnil1 <linnil1.886@gmail.com>  # GH user: linnil1
Loraine Brillet-Guéguen <loraine-gueguen@users.noreply.github.com>  # GH user: loraine-gueguen
Luca Pireddu <pireddu@gmail.com>  # GH user: ilveroluca
Luca Pireddu <pireddu@gmail.com> <pireddu@crs4.it>
Lucille Delisle <lucille.delisle@epfl.ch>  # GH user: lldelisle
Luke Sargent <luke.c.sargent@gmail.com>  # GH user: luke-c-sargent

Mahendra Paipuri <mahendra.paipuri@gmail.com>  # GH user: mahendrapaipuri
Mahendra Paipuri <mahendra.paipuri@gmail.com> <44365948+mahendrapaipuri@users.noreply.github.com>
Mahendra Paipuri <mahendra.paipuri@gmail.com> <mahendra.paipuri@inria.fr>
Maiken Pedersen <maikenp@uio.no>  # GH user: maikenp
Manabu ISHII <manabu.ishii.rb@gmail.com> # GH user: manabuishii
Marcel Bargull <marcel.bargull@udo.edu>  # GH user: mbargull
Marco Tangaro <ma.tangaro@gmail.com>  # GH user: mtangaro
Marcus Christie <marc.christie@gmail.com>  # GH user: machristie
Marcus Christie <marc.christie@gmail.com> <machrist@iu.edu>
Marek Vavruša <marek@vavrusa.com>  # GH user: vavrusa
Maria Doyle <maria.doyle@petermac.org>  # GH user: mblue9
Maria Bernard <maria.bernard@jouy.inra.fr>  # GH user: mariabernard
Marie Gramm <mariegramm@192-168-1-109.tpgi.com.au>  # GH user: dlal-group
Marius van den Beek <m.vandenbeek@gmail.com>  # GH user: mvdbeek
Mark Einon <mark.einon@gmail.com>  # GH user: einonm
Mark Esler <eslerm@umn.edu>  # GH user: eslerm
Mark Iskander <motiontracker@gmail.com>  # GH user: markiskander
Martijn Vermaat <m.vermaat.hg@lumc.nl>  # GH user: martijnvermaattest
Martin Cech <cech.marten@gmail.com>  # GH user: martenson
Martin Cech <cech.marten@gmail.com> <emulatorer@gmail.com>
Martin Cech <cech.marten@gmail.com> <marten@bx.psu.edu>
Mason Houtz <nerdinacan@gmail.com>  # GH user: Nerdinacan
Matej Troják <trojak@mail.muni.cz>  # GH user: xtrojak
Matt Chambers <matt.chambers42@gmail.com>  # GH user: chambm
Matthew Dillon <matthewrdillon@gmail.com>  # GH user: thermokarst
Matthias Bernt <bernt@informatik.uni-leipzig.de>  # GH user: bernt-matthias
Matthias Bernt <bernt@informatik.uni-leipzig.de> <bernt.matthias@gmail.com>
Matthias Bernt <bernt@informatik.uni-leipzig.de> <m.bernt@ufz.de>
Matthias Desmet <matthias.desmet@ugent.be>  # GH user: matthdsm
Matt Ralston <mrals89@gmail.com>  # GH user: MatthewRalston
Matt Shirley <mdshw5@gmail.com>  # GH user: mdshw5
Maximilian Friedersdorff <max@friedersdorff.com>  # GH user: maxf130
Max Schaefer <max@semmle.com>  # GH User: xiemaisi
Max Skoryk <37554442+maximskorik@users.noreply.github.com>  # GH user: maximskorik
Mehmet Tekman <mtekman89@gmail.com>  # GH user: mtekman
Mehmet Tekman <mtekman89@gmail.com> <m.tekman@ucl.ac.uk>
Melissa Black <16723182+melibleq@users.noreply.github.com>  # GH user: melibleq
mgehring <mgehrin@emory.edu>  # GH user: ???
Michael Cotterell <mepcotterell@gmail.com>  # GH user: mepcotterell
Michael R. Crusoe <michael.crusoe@gmail.com>  # GH user: mr-c
Michael R. Crusoe <michael.crusoe@gmail.com> <1330696+mr-c@users.noreply.github.com>
Michael R. Crusoe <michael.crusoe@gmail.com> <crusoe@ucdavis.edu>
Michael Sauria <crockopotamus@gmail.com>  # GH user: msauria
Michael Schatz <mschatz@users.noreply.github.com>  # GH user: mschatz
Michelle Savage <michelle.savage.1@gmail.com>  # GH user: hujambo-dunia
Michelle Savage <michelle.savage.1@gmail.com> <developer@cntient.com>
Michelle Savage <michelle.savage.1@gmail.com> <“MSavage07@gsb.columbia.edu”>
Michelle Savage <michelle.savage.1@gmail.com> <michelle@Michelles-MBP.fios-router.home>
Miguel Julia <migueljuliamolina@gmail.com>  # GH user: MiguelJulia
Mikael Loaec <mikael.loaec@versailles.inra.fr>  # GH user: miloaec
Milad Miladi <miladim@cs.uni-freiburg.de>  # GH user: mmiladi
Milad Miladi <miladim@cs.uni-freiburg.de> <mmiladi@users.noreply.github.com>
Minh Vu <minh@biocommons.org.au>  # GH user: minh-biocommons
Mira Kuntz <mira.kuntz@yahoo.com>  # GH user: mira-miracoli
MORITA Hideyuki <h-morita@esm.co.jp>  # GH user: ???

Nadia Goué <nadia.goue@gmail.com>  # GH user: nagoue
Nate Coraor <nate@bx.psu.edu>  # GH user: natefoo
Nic Herndon <nic.herndon@uconn.edu>  # GH user: NicHerndon
Nick Semenkovich <semenko@alum.mit.edu>  # GH user: semenko
Nick Stoler <nick@nstoler.com>  # GH user: NickSto
Nicola Soranzo <nicola.soranzo@gmail.com>  # GH user: nsoranzo
Nicola Soranzo <nicola.soranzo@gmail.com> <nicola.soranzo@earlham.ac.uk>
Nicola Soranzo <nicola.soranzo@gmail.com> <nicola.soranzo@tgac.ac.uk>
Nicola Soranzo <nicola.soranzo@gmail.com> <nsoranzo@tiscali.it>
Nicola Soranzo <nicola.soranzo@gmail.com> <soranzo@crs4.it>
Niko Pinter <niko.pinter@protonmail.com>  # GH user: npinter
Niko Pinter <niko.pinter@protonmail.com> <34959927+npinter@users.noreply.github.com>
Nitesh Turaga <nitesh.turaga@gmail.com>  # GH user: nturaga
Nolan Woods <innovate.invent@gmail.com>  # GH user: innovate-invent
Nolan Woods <innovate.invent@gmail.com> <nolan_w@sfu.ca>
Norbert Eichner <norbert.eichner@ur.de>  # GH user: NCEichner
Nuwan Goonasekera <nuwan.goonasekera@gmail.com>  # GH user: nuwang
Nuwan Goonasekera <nuwan.goonasekera@gmail.com> <nuwan.ag@gmail.com>
Nuwan Goonasekera <nuwan.goonasekera@gmail.com> <2070605+nuwang@users.noreply.github.com>

Oleg Zharkov <oleg.zharkov22@gmail.com>  # GH user: OlegZharkov
Oleg Zharkov <oleg.zharkov22@gmail.com> <jos.to.new@gmail.com>
Oleksandr Moskalenko <om@rc.ufl.edu>  # GH user: moskalenko
Olivia Doppelt-Azeroual <olivia.doppelt@pasteur.fr>  # GH user: odoppelt
Olivier Sallou <olivier.sallou@gmail.com>  # GH user: osallou
Ott Oopkaup <ott.oopkaup@gmail.com>  # GH user: ooobik
Ott Oopkaup <ott.oopkaup@gmail.com> <ott.oopkaup@ut.ee>

Pablo Moreno <pablo.a.moreno@gmail.com>  # GH user: pcm32
Pablo Moreno <pablo.a.moreno@gmail.com> <pcm32@users.noreply.github.com>
Pavankumar Videm <videmp@informatik.uni-freiburg.de>  # GH user: pavanvidem
Peter Cock <p.j.a.cock@googlemail.com>  # GH user: peterjc
Peter Selten <peter.selten98@gmail.com>  # GH user: selten
Peter Selten <peter.selten98@gmail.com> <peter@pselten.info>
<peter.selten98@gmail.com> <peter@ubuntu-base.localdomain>
Peter Selten <peter.selten98@gmail.com> <selten@users.noreply.github.com>
Peter van Heusden <pvh@sanbi.ac.za>  # GH user: pvanheus
Peter van Heusden <pvh@sanbi.ac.za> <pvh@webbedfeet.co.za>
Peter van 't Hof <pjrvanthof@gmail.com>  # GH user: ffinfo
Peter van 't Hof <pjrvanthof@gmail.com> <p.j.van_t_hof@lumc.nl>
Petraea <Petraea@users.noreply.github.com>  # GH user: Petraea
Philip Mabon <philipmabon@gmail.com>  # GH user: Takadonet
Philip Mabon <philipmabon@gmail.com> <philip.mabon@canada.ca>
Philip Mabon <philipmabon@gmail.com> <philip.mabon@phac-aspc.gc.ca>
Pierre Lindenbaum <plindenbaum@yahoo.fr>  # GH user: lindenb
Pierrick Roger Mele <pierrick.rogermele@icloud.com>  # GH user: pkrog
Pierrick Roger Mele <pierrick.rogermele@icloud.com> <pk.roger@icloud.com>

Qiang Gu <guqiang01@gmail.com>  # GH user: qiagu
Qiang Gu <guqiang01@gmail.com> <36086881+qiagu@users.noreply.github.com>
Qiang Gu <guqiang01@gmail.com> <guqiang01@gmail.com>

Radhesh Kamath <radhesh@bx.psu.edu>  # GH user: ???
Raj Ayyampalayam <raj76@uga.edu>  # GH user: ???
Ralf Weber <RJMW@users.noreply.github.com>  # GH user: RJMW
Ralonso <roalva1@gmail.com>  # GH user: roalva1
Ramez Alrawas <ramezrawas@gmail.com>  # GH user: ramezrawas
Ramkrishna Chakrabarty <rc@bx.psu.edu>  # GH user: ???
Rémi Marenco <remi.marenco@gmail.com>  # GH user: remimarenco
Rémi Marenco <remi.marenco@gmail.com> <remimarenco@gmail.com>
Rémy Dernat <remy.d1@gmail.com>  # GH user: remyd1
Renato Alves <alves.rjc@gmail.com>  # GH user: unode
Renato Alves <alves.rjc@gmail.com> <rjalves@igc.gulbenkian.pt>
Richard Burhans <burhans@bx.psu.edu>  # GH user: richard-burhans
Richard James Acton <racton@uni-koeln.de>  # GH user: RichardJActon
Richard Park <rpark@bu.edu>  # GH user: rpark37
rikeshi <rikeshi@users.noreply.github.com>  # GH user: rikeshi
Rob Hooft <rob.hooft@nbic.nl>  # GH user: rwwh
Romain Dallet <romain.dallet@sb-roscoff.fr>  # GH user: rdallet
Rory Kirchner <roryk@mit.edu>  # GH user: ???
Rossano Atzeni <rossano.atzeni@crs4.it>  # GH user: ratzeni
Ross Lazarus <ross.lazarus@gmail.com>  # GH user: fubar2
Ross Lazarus <ross.lazarus@gmail.com> <rossl@bx.psu.edu>
Roy Storey <kiwiroy@gmail.com>  # GH user: kiwiroy
Ruben Vorderman <r.h.p.vorderman@lumc.nl>  # GH user: rhpvorderman
Rupert Nash <r.nash@epcc.ed.ac.uk>  # GH user: rupertnash
Ryan Golhar <ngsbioinformatics@gmail.com> # GH user: golharam
Ryan Velazquez <ryan.velazquez0001@temple.edu>  # GH user: rdvelazquez

Saket Choudhary <saketkc@gmail.com>  # GH user: saketkc
Sandy Rogers <sandyr@ebi.ac.uk>  # GH user: SandyRogers
Saskia Hiltemann <zazkia@gmail.com>  # GH user: shiltemann
<zazkia@gmail.com> <shiltemann@users.noreply.github.com>
Saskia Hiltemann <zazkia@gmail.com> <s.hiltemann@erasmusmc.nl>
Scott McManus <scottmcmanus@gatech.edu>  # No GH user, last contribution in 2012
<scottmcmanus@gatech.edu> <scottmcmanus@emory.edu>
Scott Szakonyi <sszakony@nd.edu>  # GH user: sszakony
Scott Szakonyi <sszakony@nd.edu> <galaxy@galaxy.development>
Sebastian Kapust <sebastian@kapust.org>  # GH user: scrathat
Sergey Yakubov <yakubovs@ornl.gov>  # GH user: SergeyYakubov
<yakubovs@ornl.gov> <SergeyYakubov@users.noreply.github.com>
Shane Dowling <shane@shanedowling.com>  # GH user: shano
Simon Bray <sbray1371@gmail.com>  # GH user: simonbray
Simon Bray <sbray1371@gmail.com> <sb635@bmd6.physik.privat>
<sbray1371@gmail.com> <32272674+simonbray@users.noreply.github.com>
Simone Leo <simone.leo@gmail.com>  # GH user: simleo
Simone Leo <simone.leo@gmail.com> <simleo@crs4.it>
Simon Gladman <slugger70@gmail.com>  # GH user: slugger70
Simon Guest <simon.guest@agresearch.co.nz>  # GH user: ???
Sourav Singh <souravsingh@users.noreply.github.com>  # GH user: souravsingh
Stavros Sachtouris <saxtouri@admin.grnet.gr>  # GH user: saxtouri
Steffen Neumann <sneumann@ipb-halle.de>  # GH user: sneumann
Steve Cassidy <steve.cassidy@mq.edu.au>  # GH user: stevecassidy
Steven Shum <weiyanshum@gmail.com>  # GH user: shenweiyan
<weiyanshum@gmail.com> <shenlab@foxmail.com>
Steven Shum <weiyanshum@gmail.com> <ishenweiyan@foxmail.com>
Steven Shum <weiyanshum@gmail.com> <ishenweiyan@qq.com>
Steven Weaver <sweaver@temple.edu>  # GH user: stevenweaver
Sveinung Gundersen <sveinugu@gmail.com>  # GH user: sveinugu

Takao Nakaguchi <takao.nakaguchi@gmail.com>  # GH user: takawitter
Tanguy Genthon <72631088+TanguyGen@users.noreply.github.com>  # GH user: TanguyGen
Tyler Collins <tyler@nhlp.com>  # GH user: tcollins2011
tensionhead <tensionheadx@gmail.com>  # GH user: tensionhead
Terrell Russell <terrellrussell@gmail.com>  # GH user: trel
Theom <49269671+TheoMathurin@users.noreply.github.com>  # GH user: TheoMathurin
Thoba Lose <lose.thoba@gmail.com>  # GH user: thobalose
<lose.thoba@gmail.com> <thobalose@users.noreply.github.com>
Thodoris Sotiropoulos <theosot@dmst.aueb.gr>  # GH user: theosotr
<theosot@dmst.aueb.gr> <theosot@grnet.gr>
Thom Cuddihy <thom@hometreelab.com>  # GH user: thomcuddihy
Thomas Chaussepied <chaussepied.thomas@gmail.com>  # GH user: tchaussepied
Thomas McGowan <mcgo0092@umn.edu>  # GH user: tmcgowan
<mcgo0092@umn.edu> <mcgo0092@msi.umn.edu>
Thomas Wollmann <thomas.s.wollmann@gmail.com>  # GH user: ThomasWollmann
<thomas.s.wollmann@gmail.com> <thomas.wollmann@bioquant.uni-heidelberg.de>
Thomas Wollmann <thomas.s.wollmann@gmail.com> <ThomasWollmann@users.noreply.github.com>
Thom Cuddihy <thom@hometreelab.com>  # GH user: thomcuddihy
Tillman Heisner <theisner@posteo.de>  # GH user: heisner-tillman
Tim Thompson <tim.thompson@xdbio.com>  # GH user: XDtim
Timur Shtatland <shtatland@neb.com>  # GH user: tshtatland
Tomithy Too <tomithy.too@gmail.com>  # GH user: tomithy
Tomoya Tanjo <ttanjo@gmail.com>  # GH user: tom-tan
Torfinn Nome <torfinn.nome@gmail.com>  # GH user: torfinnnome
Trevor Wennblom <trevor@well.com>  # GH user: trevor
Tunc Kayikcioglu <19364610+tuncK@users.noreply.github.com>  # GH user: tuncK

Uwe Winter <uwwint@gmail.com>  GH user: uwwint

Vahid Jalili <jalili.vahid@gmail.com> # GH user: VJalili
Vahid Jalili <jalili.vahid@gmail.com> <VJalili@users.noreply.github.com>
Vahid Jalili <jalili.vahid@gmail.com> <LetMeIn%#01>
Valentin Chambon <chavaldranis@gmail.com> # GH user: ValentinChCloud
Valentin Marcon <v.marcon@outlook.fr> # GH user: ValentinMarcon
Varun Shankar S <varunshankar55@gmail.com> # GH user: varunshankar
Victor Mataigne <victor.mataigne@wanadoo.fr>  # GH user: Mataivic
VIJAY <nvk747@gmail.com>  # GH user: nvk747
Vimalkumar Velayudhan <vimalkumarvelayudhan@gmail.com> # GH user: vimalkvn
Volodymyr Savchenko <Volodymyr.Savchenko@epfl.ch> # GH user: volodymyrss
Volodymyr Savchenko <Volodymyr.Savchenko@epfl.ch> <volodymyrss@users.noreply.github.com>

Wendi Bacon <44605769+nomadscientist@users.noreply.github.com>  # GH user: nomadscientist
Wen-Yu Chung <wychung@bx.psu.edu>  # No GH user, last contribution in 2009
William Holden <theappdev@protonmail.com>  # GH user: WilliamHolden
<theappdev@protonmail.com> <wholden1@jhu.edu>
Will Simpson <wsimpson@email.arizona.edu>  # GH user: simpsonw
Wolfgang Maier <maierw@informatik.uni-freiburg.de>  # GH user: wm75
<maierw@informatik.uni-freiburg.de> <wolfgang.maier@biologie.uni-freiburg.de>

Xavier Garnier <xgaia@gmx.com>  # GH user: xgaia
Xavier Garnier <xgaia@gmx.com> <xavier.garnier@irisa.fr>
<xgaia@gmx.com> <xgarnier@lougre.irisa.fr>
xiaojay <xiaojay@gmail.com>  # GH user: xiaojay
xiaojay <xiaojay@gmail.com> <jayyoung@yangyuanjiedeMacBook-Pro.local>
Xiaoqian Jiang <jxq198409@hotmail.com>  # GH user: xiaoqian1984

Yi Zhang <yizhang@bx.psu.edu>  # No GH user, last contribution in 2007
Youri Hoogstrate <y.hoogstrate@gmail.com>  # GH user: yhoogstrate
Youri Hoogstrate <y.hoogstrate@gmail.com> <y.hoogstrate@erasmusmc.nl>
Yo Yehudi <yochannah@gmail.com>  # GH user: yochannah
Yunchen Gong <yunchen.gong@gmail.com>  # GH user: ycgong
Yvan Le Bras <yvan.le-bras@mnhn.fr>  # GH user: yvanlebras
<yvan.le-bras@mnhn.fr> <yvan.le_bras@irisa.fr>

zhuzi <110071444+undergone2345@users.noreply.github.com>  # GH user: undergone2345
Zipho Mashologu <zipho.m@gmail.com>  # GH user: zipho
<zipho.m@gmail.com> <zipho@trustpay.biz>
